{"Loss": 8474987.0, "_runtime": 835, "_timestamp": 1631525603, "_step": 2369, "Val Loss No Grad": 8473954.0, "Img No Grad": {"_type": "image-file", "path": "media/images/Img No Grad_2367_ef3e12819bc7a77d7297.png", "sha256": "ef3e12819bc7a77d7297ad9d47c9d4c06407cd625dd3a66f42341455b36f5738", "size": 12191, "format": "png", "width": 864, "height": 504}, "Val Loss Eval": 8473954.0, "Img Eval": {"_type": "image-file", "path": "media/images/Img Eval_2369_ef3e12819bc7a77d7297.png", "sha256": "ef3e12819bc7a77d7297ad9d47c9d4c06407cd625dd3a66f42341455b36f5738", "size": 12191, "format": "png", "width": 864, "height": 504}}